Title,Authors,Contributors,ISBN/UID,Format,Read Status,Date Added,Last Date Read,Dates Read,Read Count,Moods,Pace,Character- or Plot-Driven?,Strong Character Development?,Loveable Characters?,Diverse Characters?,Flawed Characters?,Star Rating,Review,Content Warnings,Content Warning Description,Tags,Owned?
The Blade Itself,Joe Abercrombie,,9780575079793,paperback,read,2024/12/10,2025/01/10,2025/01/10,1,,,,,,,,,,,,,No
The Case of the Lonely Accountant,"Simon Mason, Simon Mason",,,,read,2024/12/17,2025/01/03,2025/01/03,1,,,,,,,,,,,,,No
Case Of The Lonely Accountant,Simon Mason,,,digital,read,2024/07/28,2025/01/03,2024/12/31-2025/01/03,1,"mysterious, reflective",medium,Plot,No,N/A,Yes,No,4.0,,,,empfehlung-mick-herron-guardian-newsletter,No
Consider Phlebas,Iain M. Banks,,9781857231380,paperback,read,2015/04/04,2024/12/31,"2024/12/31, 2015/08/19",2,,,,,,,,3.0,,,,,No
Complicity,Iain Banks,,9780349105710,paperback,read,2024/12/03,2024/12/03,2024/12/03,1,,,,,,,,,,,,,No
Christine,Stephen King,,,hardcover,read,2024/10/20,2024/11/21,2024/11/21,1,,,,,,,,,,,,,No
Elidor,Alan Garner,,,,read,2024/10/27,2024/11/03,2024/11/03,1,,,,,,,,,,,,,No
Red Shift,Alan Garner,,,paperback,read,2024/10/21,2024/10/27,2024/10/27,1,,,,,,,,,,,,,No
Stuart Little,"Garth Williams, E.B. White",,,,read,2020/11/22,2024/10/21,2024/10/21,1,,,,,,,,,,,,,No
Treacle Walker,Alan Garner,,9780008477790,hardcover,read,2024/10/20,2024/10/21,2024/10/21,1,,,,,,,,,,,,,No
House of Many Ways,Diana Wynne Jones,,9780061477959,hardcover,read,2024/10/18,2024/10/18,2024/10/18,1,,,,,,,,,,,,,No
Missing Person: Alice ,Simon Mason,,9781529425949,paperback,read,2024/07/28,2024/09/13,2024/09/13,1,,,,,,,,,,,,empfehlung-mick-herron-guardian-newsletter,No
Howl's Moving Castle,Diana Wynne Jones,,9780064410342,paperback,read,2023/09/16,2024/09/11,2024/09/11,1,,,,,,,,,,,,,No
Lost and Never Found,Simon Mason,,9781529425864,hardcover,read,2024/08/21,2024/08/21,2024/08/21,1,,,,,,,,,,,,,No
The Broken Afternoon,Simon Mason,,,digital,read,2024/08/14,2024/08/13,2024/08/13,1,,,,,,,,,,,,,No
A Killing in November,Simon Mason,,9781529415674,hardcover,read,2024/07/28,2024/08/08,2024/08/08,1,,,,,,,,,,,,empfehlung-mick-herron-guardian-newsletter,No
Tears of the Giraffe,Alexander McCall Smith,,9780748662739,paperback,read,2024/08/04,2024/08/04,2024/08/04,1,,,,,,,,,,,,,No
Daddy Was a Number Runner,Louise Meriwether,,9781558614420,paperback,read,2024/01/25,2024/07/24,2024/07/24,1,,,,,,,,,,,,,No
The No. 1 Ladies' Detective Agency,Alexander McCall Smith,,9781400034772,paperback,read,2024/07/21,2024/07/21,2024/07/21,1,,,,,,,,,,,,,No
Master and Commander,Patrick O'Brian,,9780393325171,paperback,read,2012/12/03,2024/07/09,"2024/07/09-2024/07/09, 2008/09/01",2,,,,,,,,5.0,,,,,No
Pachinko,Min Jin Lee,,9781455563913,digital,read,2023/06/23,2024/06/03,2024/06/03,1,,,,,,,,,,,,,No
Dust,Hugh Howey,,9781490904382,paperback,read,2023/05/05,2024/05/19,2024/05/19,1,,,,,,,,,,,,,No
Shift,Hugh Howey,,,paperback,read,2023/05/05,2024/05/01,2024/05/01,1,,,,,,,,,,,,,No
The Wool Trilogy,Hugh Howey,,9781473506213,digital,read,2024/05/01,2024/04/18,2024/04/18,1,,,,,,,,,,,,,No
Wool,Hugh Howey,,9781780891248,paperback,read,2023/05/05,2024/04/06,2024/04/06,1,,,,,,,,,,,,,No
The Secret Hours,Mick Herron,,9781399800532,hardcover,read,2023/11/27,2024/03/18,2024/03/09-2024/03/18,1,,,,,,,,,,,,,No
The Owl Service,Alan Garner,,9780152056186,paperback,read,2023/09/16,2024/03/09,2024/03/09,1,,,,,,,,,,,,katherine-rundell-recommendation,No
The Hydrogen Sonata,Iain M. Banks,,9780356501505,hardcover,read,2024/02/28,2024/02/28,2024/02/28,1,,,,,,,,,,,,,No
Crook Manifesto,Colson Whitehead,,9780385545150,hardcover,read,2023/12/02,2024/01/05,2023/12/18-2024/01/05,1,,,,,,,,,,,,,No
Matter,Iain M. Banks,,,digital,read,2023/12/03,2023/12/03,2023/12/03,1,,,,,,,,,,,,,No
Look to Windward,Iain M. Banks,,9780743421928,paperback,read,2023/10/11,2023/10/11,2023/10/11,1,,,,,,,,,,,,,No
Inversions,Iain M. Banks,,9780743411967,paperback,read,2023/08/18,2023/08/18,2023/08/18,1,,,,,,,,,,,,,No
Excession,Iain M. Banks,,,digital,read,2023/08/04,2023/08/04,2023/08/04,1,,,,,,,,,,,,,No
The Player of Games,Iain M. Banks,,,,read,2021/07/14,2023/04/28,2023/04/28-2023/04/28,1,,,,,,,,,,,,,No
Stonemouth,Iain Banks,,,hardcover,read,2023/03/30,2023/03/30,2023/03/30,1,,,,,,,,,,,,,No
The Boys from Brazil,Ira Levin,,9780394402673,hardcover,read,2022/09/13,2023/03/20,2023/03/20,1,,,,,,,,,,,,,No
Nobody Walks,Mick Herron,,9781616954864,hardcover,read,2023/03/08,2023/03/08,2023/02/20-2023/03/08,1,,,,,,,,,,,,,No
Reconstruction,Mick Herron,,9780753181508,hardcover,read,2023/02/27,2023/02/27,2023/02/27,1,,,,,,,,,,,,,No
The Catch,Mick Herron,,9781641292344,paperback,read,2023/02/12,2023/02/12,2023/02/12,1,,,,,,,,,,,,,No
The Drop,Mick Herron,,9781473678309,hardcover,read,2023/02/05,2023/02/05,2023/02/05,1,,,,,,,,,,,,,No
The List,Mick Herron,,9781616957452,paperback,read,2023/01/29,2023/01/29,2023/01/29,1,,,,,,,,,,,,,No
Bad Actors,Mick Herron,,9781641293372,hardcover,read,2023/01/24,2023/01/24,2023/01/24,1,,,,,,,,,,,,,No
Slough House,Mick Herron,,9781641292368,hardcover,read,2023/01/09,2023/01/09,2023/01/09,1,,,,,,,,,,,,,No
Joe Country,Mick Herron,,9781473657489,paperback,read,2023/01/01,2022/12/31,2022/12/31,1,,,,,,,,,,,,,No
London Rules,Mick Herron,,9781641290241,paperback,read,2022/12/29,2022/12/29,,1,,,,,,,,,,,,,No
Spook Street,Mick Herron,,9781473621299,paperback,read,2022/12/21,2022/12/27,2022/12/27,1,,,,,,,,,,,,,No
Real Tigers,Mick Herron,,9781616956127,hardcover,read,2022/12/21,2022/12/21,2022/12/21,1,,,,,,,,,,,,,No
Dead Lions,Mick Herron,,9781616952259,hardcover,read,2022/12/05,2022/12/05,2022/12/05,1,,,,,,,,4.0,,,,,No
Slow Horses,Mick Herron,,9781569479018,digital,read,2022/07/09,2022/11/22,2022/11/22,1,,,,,,,,,,,,guardian-review,No
Magic Terror,Peter Straub,,9780007109913,paperback,read,2022/11/07,2022/11/07,2022/11/07,1,"dark, tense",fast,A mix,It's complicated,No,No,Yes,3.5,,,,,No
Koko,Peter Straub,,9780007103676,paperback,read,2022/10/19,2022/10/19,2022/10/19,1,"dark, tense, mysterious",medium,A mix,It's complicated,It's complicated,No,Yes,5.0,,,,,No
The Dispossessed,Ursula K. Le Guin,,,paperback,read,2022/08/23,2022/10/04,2022/10/04,1,,,,,,,,,,,,,No
Mr. Clubb and Mr. Cuff,Peter Straub,,,,read,2022/09/09,2022/09/09,,1,,,,,,,,,,,,,No
The Echo Maker,Richard Powers,,9780374146351,hardcover,read,2022/07/31,2022/09/06,2022/09/06,1,,,,,,,,,,,,kim-stanley-robinson-recommendation,No
Who Fears Death,Nnedi Okorafor,,9780756406172,hardcover,read,2022/08/05,2022/08/05,2022/08/05,1,"dark, sad, mysterious, emotional, adventurous",fast,A mix,No,Yes,No,Yes,3.5,,,,,No
Harlem Shuffle,Colson Whitehead,,9780385545136,hardcover,read,2022/07/21,2022/07/21,2022/07/21,1,"dark, tense, informative",fast,A mix,N/A,It's complicated,Yes,No,4.75,,,,,No
The Friends of Eddie Coyle,George V. Higgins,,,,read,2021/09/14,2022/07/08,2022/07/08,1,"dark, adventurous",fast,Plot,No,No,It's complicated,No,3.0,,,,,No
Mort,Terry Pratchett,,9780061020681,paperback,read,2022/06/20,2022/06/20,2022/06/20,1,"dark, funny",medium,Plot,It's complicated,Yes,Yes,It's complicated,4.0,,,,,No
Annihilation,Jeff VanderMeer,,9780374104092,paperback,read,2021/09/28,2022/05/27,2022/05/27,1,,,,,,,,,,,,,No
The Body,Stephen King,Robin Waterfield,9780582418172,paperback,read,2021/11/15,2022/04/27,2022/04/27,1,"dark, tense, reflective, adventurous",fast,Plot,No,No,No,Yes,4.25,,,,,No
Children of Ruin,Adrian Tchaikovsky,,9780316452533,paperback,read,2021/07/25,2022/04/20,2022/04/20,1,,,,,,,,,,,,,No
Blue Mars,Kim Stanley Robinson,,9780553573350,paperback,read,2022/02/07,2022/03/03,2022/03/03,1,"informative, reflective, inspiring, hopeful",slow,A mix,Yes,Yes,It's complicated,It's complicated,5.0,,,,,No
Green Mars,Kim Stanley Robinson,,553572393,paperback,read,2021/07/18,2021/11/21,2021/11/21,1,"informative, reflective, inspiring",medium,A mix,It's complicated,It's complicated,Yes,It's complicated,5.0,,,,ian-banks-recommendation,No
"One Night, Markovitch","Sondra Silverston, Ayelet Gundar-Goshen",,,paperback,read,2021/11/21,2021/11/10,2021/11/10,1,"dark, funny, reflective",medium,Character,Yes,Yes,No,Yes,4.25,,,,,No
Red Mars,Kim Stanley Robinson,,553560735,paperback,read,2021/07/18,2021/09/15,2021/09/15,1,,,,,,,,,,,,ian-banks-recommendation,No
When the Sky Falls,Phil Earle,,9781783449651,paperback,read,2021/06/24,2021/07/21,2021/07/21,1,"tense, sad, emotional",fast,,,,,,4.0,,,,pullman-recommendation,No
Ascension,Oliver Harris,,9780358206668,hardcover,read,2021/05/13,2021/07/13,2021/07/13,1,"tense, mysterious, adventurous",fast,Plot,No,No,No,No,4.25,,,,pullman-recommendation,No
A Shadow Intelligence,Oliver Harris,,9781408709917,paperback,read,2021/07/09,2021/07/09,2021/07/09,1,,,,,,,,4.0,,,,,No
The Crow Road,Iain Banks,,9780349109077,paperback,read,2021/05/02,2021/06/23,2021/05/30-2021/06/23,1,"funny, mysterious",medium,Character,Yes,Yes,No,Yes,5.0,,,,,No
Out of Sheer Rage,Geoff Dyer,,,,read,2021/05/15,2021/05/15,2021/05/15,1,,,,,,,,,,,,,No
A Shadow Intelligence,Oliver Harris,,9780358561941,paperback,read,2021/05/13,2021/05/13,,1,,,,,,,,,,,,,No
Redwall,Brian Jacques,,,,read,2021/02/11,2021/04,2021/04,1,adventurous,fast,Plot,Yes,Yes,It's complicated,No,3.0,,,,,No
Children of Time,Adrian Tchaikovsky,,9781447273288,hardcover,read,2021/01/16,2021/03/02,2021/03/02,1,"dark, tense, inspiring, hopeful, adventurous",slow,Plot,Yes,No,It's complicated,Yes,3.0,,,,,No
Swing Time,Zadie Smith,,9780241144152,hardcover,read,2021/02/07,2021/02/07,2021/02/07,1,"sad, mysterious, reflective, emotional, challenging, adventurous",medium,Character,It's complicated,Yes,Yes,Yes,4.5,,,,,No
Lu,Jason Reynolds,,9781432865849,paperback,read,2021/01/11,2021/01/12,2021/01/12,1,"emotional, inspiring",fast,,Yes,Yes,Yes,Yes,4.5,,,,,No
Sunny,Jason Reynolds,,,,read,2021/01/09,2021/01/09,2021/01/09,1,"sad, emotional, inspiring",fast,,Yes,Yes,Yes,Yes,4.0,,,,,No
Patina,Jason Reynolds,,,,read,2021/01/07,2021/01/05,2021/01/05,1,"emotional, inspiring",fast,,Yes,Yes,Yes,Yes,5.0,,,,,No
Ghost,Jason Reynolds,,9781481450171,digital,read,2021/01/03,2021/01/02,2021/01/02,1,"emotional, hopeful",fast,,Yes,Yes,Yes,Yes,5.0,,,,,No
Such a Fun Age,Kiley Reid,,9780525541929,digital,read,2020/12/31,2020/12/31,2020/12/31,1,"funny, informative, reflective, emotional, inspiring",fast,,Yes,Yes,Yes,Yes,5.0,,,,,No
When I Was the Greatest,Jason Reynolds,,,paperback,read,2020/12/28,2020/12/27,2020/12/27,1,"dark, tense, emotional",fast,,Yes,Yes,Yes,Yes,5.0,,,,,No
If Beale Street Could Talk,James Baldwin,,9780307275936,paperback,read,2020/12/23,2020/12/22,2020/12/22,1,"dark, tense, emotional, inspiring",medium,,Yes,Yes,Yes,Yes,5.0,,,,,No
"Stamped: Racism, Antiracism, and You","Ibram X. Kendi, Jason Reynolds",,9780316453691,hardcover,read,2020/12/14,2020/12/14,2020/12/14,1,"dark, informative, emotional, challenging, inspiring, hopeful",fast,,,,,,5.0,,,,,No
The Boy in the Black Suit,Jason Reynolds,,9781442459526,digital,read,2020/12/23,2020/12/06,2020/12/06,1,"dark, funny, emotional, inspiring",fast,,Yes,Yes,Yes,Yes,5.0,,,,,No
The Moon of Gomrath,Alan Garner,,,,read,2020/11/26,2020/11/26,2020/11/26,1,"dark, mysterious, adventurous",medium,,No,It's complicated,No,No,3.0,,,,,No
The Weirdstone of Brisingamen,Alan Garner,,,,read,2020/11/12,2020/11/12,2020/11/12,1,"dark, tense, adventurous",fast,,No,Yes,No,No,4.0,,,,,No
Lovecraft Country,Matt Ruff,,9780062292063,hardcover,read,2020/08/23,2020/10/14,2020/10/14,1,"dark, funny, mysterious, inspiring, adventurous",medium,,It's complicated,Yes,Yes,No,3.0,,,,,No
The Cartel,Don Winslow,,,digital,read,2020/09/02,2020/09/03,2020/09/03,1,"dark, tense, sad, informative, adventurous",medium,,No,No,No,It's complicated,3.0,,,,,No
The Amazing Maurice and His Educated Rodents,Terry Pratchett,,60012358,paperback,read,2020/09/03,2020/09/03,,1,"dark, funny, adventurous",medium,,Yes,Yes,Yes,Yes,3.0,,,,,No
The Inugami Clan,"Yumiko Yamazaki, Seishi Yokomizo",,,,read,,2020/08/14,2020/08/14,1,"dark, tense, sad, mysterious",medium,,No,No,No,It's complicated,4.0,,,,,No
The Honjin Murders,Seishi Yokomizo,Louise Heal Kawai (Translator),9781782275015,digital,read,2020/02/06,2020/08/08,2020/08/08,1,"dark, mysterious",fast,,No,Yes,No,Yes,4.5,,,,,No
The Night Masquerade,Nnedi Okorafor,,9780765393135,paperback,read,,2020/08/06,2020/08/06,1,"dark, mysterious, emotional, inspiring, hopeful, adventurous",fast,,Yes,Yes,Yes,Yes,5.0,,,,,No
Home,Nnedi Okorafor,,9780765393111,paperback,read,,2020/08/04,2020/08/04,1,"dark, mysterious, emotional, inspiring, hopeful, adventurous",fast,,Yes,Yes,Yes,Yes,4.0,,,,,No
Binti,Nnedi Okorafor,,9780765385253,paperback,read,2020/01/26,2020/08/02,2020/08/02,1,"dark, mysterious, hopeful, adventurous",fast,,Yes,Yes,Yes,Yes,4.0,,,,,No
The Twelve,Justin Cronin,,9780345504982,hardcover,read,,2020/07/29,2020/07/29,1,"dark, adventurous",medium,,No,N/A,No,No,2.5,,,,,No
The City We Became,N.K. Jemisin,,9780316509848,hardcover,read,2020/05/15,2020/06/28,2020/06/28,1,,,,,,,,,,,,,No
The Stone Sky,N.K. Jemisin,,9780356508689,paperback,read,2020/05/10,2020/05/30,2020/05/30,1,,,,,,,,4.0,,,,,No
The Obelisk Gate,N.K. Jemisin,,9780356508368,paperback,read,2020/05/10,2020/05/10,2020/05/10,1,,,,,,,,4.0,,,,,No
The Western Wind,Samantha Harvey,,,paperback,read,2020/04/11,2020/04/11,2020/04/11,1,,,,,,,,4.0,,,,,No
The Passage,Justin Cronin,,9781409103349,hardcover,read,2020/04/11,2020/04/11,,0,"dark, adventurous",medium,,N/A,N/A,No,No,4.0,,,,,No
Station Eleven,Emily St. John Mandel,,9781443434867,paperback,read,2020/03/31,2020/03/31,2020/03/31,1,,,,,,,,5.0,,,,,No
The Secret Commonwealth,Philip Pullman,Christopher Wormell (Illustrator),9780241373347,paperback,read,2020/03/08,2020/03/08,2020/03/08,1,,,,,,,,5.0,,,,,No
The Fifth Season,N.K. Jemisin,,9780316229296,paperback,read,2020/02/11,2020/02/11,2020/02/11,1,,,,,,,,4.0,,,,,No
Endymion,Dan Simmons,,9780553572940,paperback,read,2020/01/04,2020/01/04,2020/01/04,1,,,,,,,,3.0,,,,,No
"Hey, Sherlock!",Simon Mason,,,,read,2019/11/04,2019/11/04,2019/11/04,1,,,,,,,,4.0,,,,,No
Kid Got Shot,Simon Mason,,,,read,2019/10/27,2019/10/27,2019/10/27,1,,,,,,,,4.0,,,,,No
"Fortunately, the Milk",Neil Gaiman,Skottie Young (Illustrator),9780062224088,paperback,read,2019/10/10,2019/10/10,2019/10/10,1,,,,,,,,2.0,,,,,No
The Graveyard Book,Neil Gaiman,Dave McKean (Illustrator),9780060530921,hardcover,read,2019/10/07,2019/10/07,2019/10/07,1,,,,,,,,5.0,,,,,No
La Belle Sauvage,Philip Pullman,,9781409025474,digital,read,2019/10/02,2019/10/02,2019/10/02,1,,,,,,,,5.0,,,,,No
Coraline,Neil Gaiman,"Dave McKean (Illustrator), Dave McKean (Illustrator)",9780380807345,paperback,read,2019/09/23,2019/09/23,2019/09/23,1,,,,,,,,4.0,,,,,No
Odd and the Frost Giants,Neil Gaiman,Mark Buckingham (Illustrator),9780747595380,paperback,read,2019/08/07,2019/09/20,2019/09/20,1,,,,,,,,4.0,,,,,No
The Tin Princess,Philip Pullman,,9780439977791,paperback,read,2019/09/16,2019/09/16,2019/09/16,1,,,,,,,,4.0,,,,,No
The Tiger in the Well,Philip Pullman,Anton Lesser (Narrator),9781400089758,audio,read,2019/08/15,2019/08/26,2019/08/26,1,,,,,,,,5.0,,,,,No
The Shadow in the North,Philip Pullman,,9780394825991,paperback,read,2019/08/15,2019/08/15,2019/08/15,1,,,,,,,,5.0,,,,,No
Running Girl,Simon Mason,,,,read,2019/08/13,2019/08/13,2019/08/13,1,,,,,,,,4.0,,,,,No
The Ruby in the Smoke,Philip Pullman,,9780394895895,paperback,read,2019/08/15,2019/08/02,2019/08/02,1,,,,,,,,5.0,,,,,No
The Rise of Endymion,Dan Simmons,,,paperback,read,2019/08/02,2019/08/02,2019/08/02,1,,,,,,,,3.0,,,,,No
The Fall of Hyperion,Dan Simmons,,9780385267472,paperback,read,2019/05/01,2019/05/01,2019/05/01,1,,,,,,,,4.0,,,,,No
Watership Down,Richard Adams,,9780380395866,paperback,read,2019/02/12,2019/02/28,2019/02/28,1,,,,,,,,5.0,,,,,No
Dispatches,Michael Herr,,,paperback,read,2016/07/12,2019/02/11,2019/02/11,1,,,,,,,,5.0,,,,,No
Eye of the Needle,Ken Follett,,9780060748159,paperback,read,2019/01/30,2019/01/30,2019/01/30,1,,,,,,,,4.0,,,,,No
A Column of Fire,Ken Follett,,9780525954972,hardcover,read,2019/01/23,2019/01/23,2019/01/23,1,,,,,,,,3.0,,,,,No
World Without End,Ken Follett,,045122499X,paperback,read,2019/01/08,2019/01/08,2019/01/08,1,,,,,,,,3.0,,,,,No
Wyrd Sisters,Terry Pratchett,,552134600,paperback,read,2018/12/11,2018/12/11,2018/12/11,1,,,,,,,,2.0,,,,,No
Equal Rites,Terry Pratchett,,9780552166614,paperback,read,2018/12/01,2018/12/01,2018/12/01,1,,,,,,,,3.0,,,,,No
The Shepherd's Crown,"Terry Pratchett, Rob Wilkins",,,paperback,read,2018/11/16,2018/11/16,2018/11/16,1,,,,,,,,3.0,,,,,No
Provenance,Ann Leckie,,9780316388634,digital,read,2018/11/02,2018/11/02,2018/11/02,1,,,,,,,,4.0,,,,,No
CryoBurn,Lois McMaster Bujold,,,hardcover,read,2018/10/14,2018/10/14,2018/10/14,1,,,,,,,,3.0,,,,,No
Captain Vorpatril's Alliance,Lois McMaster Bujold,,9781451638455,hardcover,read,2018/10/07,2018/10/07,2018/10/07,1,,,,,,,,3.0,,,,,No
Diplomatic Immunity,Lois McMaster Bujold,,,,read,2018/09/09,2018/09/09,2018/09/09,1,,,,,,,,3.0,,,,,No
Tschick,Wolfgang Herrndorf,,9783871347108,hardcover,read,2018/09/01,2018/08/31,2018/08/31,1,,,,,,,,5.0,,,,,No
A Civil Campaign,Lois McMaster Bujold,,671578855,paperback,read,2018/08/21,2018/08/21,2018/08/21,1,,,,,,,,3.0,,,,,No
Komarr,Lois McMaster Bujold,,671578081,digital,read,2018/08/16,2018/08/16,2018/08/16,1,,,,,,,,3.0,,,,,No
Memory,Lois McMaster Bujold,,,digital,read,2018/08/04,2018/08/04,2018/08/04,1,,,,,,,,3.0,,,,,No
Mirror Dance,Lois McMaster Bujold,,671876465,paperback,read,2018/07/23,2018/07/23,2018/07/23,1,,,,,,,,2.0,,,,,No
Brothers in Arms,Lois McMaster Bujold,,,digital,read,2018/07/09,2018/07/15,2018/07/15,1,,,,,,,,3.0,,,,,No
Ethan of Athos,Lois McMaster Bujold,,,digital,read,2018/07/09,2018/07/09,2018/07/09,1,,,,,,,,3.0,,,,,No
Cetaganda,Lois McMaster Bujold,,,digital,read,2018/06/28,2018/06/28,2018/06/28,1,,,,,,,,3.0,,,,,No
The Vor Game,Lois McMaster Bujold,,,digital,read,2018/06/27,2018/06/27,2018/06/27,1,,,,,,,,3.0,,,,,No
The Warrior's Apprentice,Lois McMaster Bujold,,,,read,2018/06/27,2018/06/13,2018/06/13,1,,,,,,,,3.0,,,,,No
Shards of Honour,Lois McMaster Bujold,,,,read,2018/06/27,2018/05/27,2018/05/27,1,,,,,,,,3.0,,,,,No
Barrayar,Lois McMaster Bujold,,9780743468411,paperback,read,2018/05/27,2018/05/25,2018/05/25,1,,,,,,,,3.0,,,,,No
Falling Free,Lois McMaster Bujold,,9781886778535,hardcover,read,2018/05/11,2018/05/11,2018/05/11,1,,,,,,,,4.0,,,,,No
Tyll,Daniel Kehlmann,Ross Benjamin (Translator),9781529403657,hardcover,read,2018/01/23,2018/01/24,2018/01/24,1,,,,,,,,4.0,,,,,No
Equal Danger,Leonardo Sciascia,"Adrienne Foulke (Translator), Carlin Romano (Contributor)",9781590170625,paperback,read,2018/01/15,2018/01/15,2018/01/15,1,,,,,,,,2.0,,,,,No
A ciascuno il suo,Leonardo Sciascia,,884591514X,paperback,read,2018/01/10,2018/01/10,2018/01/10,1,,,,,,,,3.0,,,,,No
Le Temps Des Secrets,Marcel Pagnol,,,,read,2017/11/22,2018/01/03,2018/01/03,1,,,,,,,,5.0,,,,,No
The Day of the Owl,Leonardo Sciascia,Archibald Colquhoun (Translator),9781590170618,paperback,read,2011/12/17,2017/12/27,2017/12/27,1,,,,,,,,5.0,,,,,No
Death's End,Cixin Liu,Ken Liu (Translator),9780765377104,hardcover,read,2017/11/22,2017/11/22,2017/11/22,1,,,,,,,,4.0,,,,,No
Le château de ma mère,Marcel Pagnol,,,paperback,read,2017/11/22,2017/11/19,2017/11/19,1,,,,,,,,5.0,,,,,No
La Gloire de mon père,Marcel Pagnol,,,,read,2017/11/08,2017/11/11,2017/11/11,1,,,,,,,,5.0,,,,,No
At Swim-Two-Birds,Flann O'Brien,William H. Gass,,paperback,read,2017/11/08,2017/11/08,2017/11/08,1,,,,,,,,5.0,,,,,No
The Dark Forest,Cixin Liu,Joel Martinsen (Translator),9781784971601,hardcover,read,2016/07/24,2017/09/24,2017/09/24,1,,,,,,,,4.0,,,,,No
The Three-Body Problem,Cixin Liu,Ken Liu (Translator),9780765382030,paperback,read,2017/08/04,2017/08/04,2017/08/04,1,,,,,,,,4.0,,,,,No
Jonathan Strange & Mr Norrell,Susanna Clarke,,9780765356154,paperback,read,2011/12/16,2017/07/14,2017/07/14,1,,,,,,,,1.0,,,,,No
The Children of the Sky,Vernor Vinge,,,,read,2017/06/27,2017/06/29,2017/06/29,1,,,,,,,,3.0,,,,,No
A Deepness in the Sky,Vernor Vinge,,9781429915090,digital,read,2017/02/17,2017/02/17,2017/02/17,1,,,,,,,,4.0,,,,,No
The Moon is a Harsh Mistress,Robert A. Heinlein,,,digital,read,2017/01/15,2017/01/15,2017/01/15,1,,,,,,,,2.0,,,,,No
Parable of the Talents,Octavia E. Butler,,9781472263650,paperback,read,2017/01/14,2017/01/14,2017/01/14,1,,,,,,,,4.0,,,,,No
Parable of the Sower,Octavia E. Butler,,9780941423991,hardcover,read,2017/01/02,2017/01/02,2017/01/02,1,,,,,,,,5.0,,,,,No
Type Now: A manifesto,Fred Smeijers,,,,read,2016/12/14,2016/12/14,2016/12/14,1,,,,,,,,4.0,,,,,No
Melnitz,"Shaun Whiteside, Charles Lewinsky",,,,read,2016/12/06,2016/12/06,2016/12/06,1,,,,,,,,5.0,,,,,No
The Code Book,Simon Singh,,385495315,hardcover,read,2016/11/18,2016/11/18,2016/11/18,1,,,,,,,,5.0,,,,,No
Radix,A.A. Attanasio,,,,read,2016/10/26,2016/11/17,2016/11/17,1,,,,,,,,4.0,,,,,No
The Handmaid's Tale,Margaret Atwood,,38549081,paperback,read,2016/10/25,2016/10/25,2016/10/25,1,,,,,,,,4.0,,,,,No
Blue at the Mizzen,Patrick O'Brian,,,,read,2016/10/13,2016/10/14,2016/10/14,1,,,,,,,,5.0,,,,,No
The Hundred Days,Patrick O'Brian,,,,read,2016/10/01,2016/10/01,2016/10/01,1,,,,,,,,5.0,,,,,No
The Yellow Admiral,Patrick O'Brian,,,,read,2016/09/21,2016/09/21,2016/09/21,1,,,,,,,,5.0,,,,,No
The Commodore,Patrick O'Brian,,,,read,2016/09/09,2016/09/09,2016/09/09,1,,,,,,,,5.0,,,,,No
The Wine-Dark Sea,Patrick O'Brian,,,,read,2016/08/28,2016/08/28,2016/08/28,1,,,,,,,,5.0,,,,,No
Clarissa Oakes: 15 (Aubrey-Maturin),Patrick O'Brian,,,,read,2016/08/14,2016/08/14,2016/08/14,1,,,,,,,,5.0,,,,,No
The Nutmeg of Consolation,Patrick O'Brian,,,,read,2016/08/02,2016/08/02,2016/08/02,1,,,,,,,,5.0,,,,,No
The Thirteen-Gun Salute,Patrick O'Brian,,,,read,2016/07/19,2016/07/19,2016/07/19,1,,,,,,,,5.0,,,,,No
The Letter of Marque,Patrick O'Brian,,,paperback,read,2016/07/02,2016/07/02,2016/07/02,1,,,,,,,,5.0,,,,,No
The Reverse of the Medal,Patrick O'Brian,,,,read,2016/06/18,2016/06/18,2016/06/18,1,,,,,,,,5.0,,,,,No
The Far Side of the World,Patrick O'Brian,,,,read,2016/06/10,2016/06/10,2016/06/10,1,,,,,,,,5.0,,,,,No
Treason's Harbour,Patrick O'Brian,,,,read,2016/05/30,2016/05/27,2016/05/27,1,,,,,,,,5.0,,,,,No
The Ionian Mission,Patrick O'Brian,,,,read,2016/05/13,2016/05/14,2016/05/14,1,,,,,,,,5.0,,,,,No
The Surgeon's Mate,Patrick O'Brian,,,,read,2016/04/29,2016/04/29,2016/04/29,1,,,,,,,,5.0,,,,,No
The Fortune of War,Patrick O'Brian,,,,read,2016/04/12,2016/04/13,2016/04/13,1,,,,,,,,5.0,,,,,No
Desolation Island,Patrick O'Brian,,,,read,2016/04/03,2016/04/03,2016/04/03,1,,,,,,,,5.0,,,,,No
Showa 1953-1989: A History of Japan,Shigeru Mizuki,,,digital,read,2016/04/03,2016/04/03,2016/04/03,1,,,,,,,,5.0,,,,,No
Showa 1944-1953: A History of Japan,Shigeru Mizuki,,,digital,read,2016/04/03,2016/03/27,2016/03/27,1,,,,,,,,5.0,,,,,No
"Showa, 1939-1944: A History of Japan",Shigeru Mizuki,,,digital,read,2016/04/03,2016/03/23,2016/03/23,1,,,,,,,,5.0,,,,,No
"Showa, 1926-1939: A History of Japan",Shigeru Mizuki,,,digital,read,2016/04/03,2016/03/20,2016/03/20,1,,,,,,,,5.0,,,,,No
The Mauritius Command,Patrick O'Brian,,9780393307627,paperback,read,2016/03/17,2016/03/17,2016/03/17,1,,,,,,,,5.0,,,,,No
All Clear,Connie Willis,,9780575099340,digital,read,2016/03/02,2016/03/02,2016/03/02,1,,,,,,,,2.0,,,,,No
Blackout,Connie Willis,,9780575099265,hardcover,read,2016/01/22,2016/01/22,2016/01/22,1,,,,,,,,3.0,,,,,No
Raster Systeme Fur Die Visuele Gestaltung,Josef Müller-Brockmann,,,,read,2015/11/05,2016/01/03,2016/01/03,1,,,,,,,,5.0,,,,,No
Fire Watch,Connie Willis,,9780307573421,digital,read,2016/01/03,2016/01/03,2016/01/03,1,,,,,,,,2.0,,,,,No
Doomsday Book,Connie Willis,,9780553562736,paperback,read,2015/12/10,2015/12/15,2015/12/15,1,,,,,,,,5.0,,,,,No
A Fire Upon the Deep,Vernor Vinge,,,digital,read,2015/11/06,2015/11/27,2015/11/27,1,,,,,,,,5.0,,,,,No
Stop Stealing Sheep & Find Out How Type Works,"Erik Spiekermann, E.M. Ginger",,,,read,2015/11/17,2015/11/15,2015/11/15,1,,,,,,,,2.0,,,,,No
Use of Weapons,Iain M. Banks,,9781857231359,paperback,read,2015/11/04,2015/11/05,2015/11/05,1,,,,,,,,4.0,,,,,No
The Little Schemer,"Matthias Felleisen, Daniel P. Friedman, Gerald J. Sussman",,,,read,2015/06/27,2015/10/09,2015/10/09,1,,,,,,,,5.0,,,,,No
Life During Wartime,Lucius Shepard,,9781473211933,paperback,read,2015/04/04,2015/10/08,2015/10/08,1,,,,,,,,3.0,,,,,No
Ancillary Mercy,Ann Leckie,,9780316246675,digital,read,2015/09/20,2015/09/20,2015/09/20,1,,,,,,,,4.0,,,,,No
The Language of Power,Rosemary Kirstein,,,,read,2015/09/20,2015/09/20,2015/09/20,1,,,,,,,,4.0,,,,,No
The Lost Steersman,Rosemary Kirstein,,,,read,2015/09/11,2015/09/11,2015/09/11,1,,,,,,,,4.0,,,,,No
The Outskirter's Secret,Rosemary Kirstein,,,,read,2015/09/03,2015/09/03,2015/09/03,1,,,,,,,,5.0,,,,,No
The Steerswoman,Rosemary Kirstein,,,digital,read,2015/04/04,2015/08/25,2015/08/25,1,,,,,,,,4.0,,,,,No
The Wise Man's Fear,Patrick Rothfuss,,9780756404734,hardcover,read,2015/08/01,2015/08/01,2015/08/01,1,,,,,,,,4.0,,,,,No
The Name of the Wind,Patrick Rothfuss,,075640407X,hardcover,read,2015/06/22,2015/07/10,2015/07/10,1,,,,,,,,3.0,,,,,No
I Shall Wear Midnight,Terry Pratchett,,9780385611077,hardcover,read,2015/06/27,2015/06/27,2015/06/27,1,,,,,,,,4.0,,,,,No
Wintersmith,Terry Pratchett,,,paperback,read,2015/06/16,2015/06/16,2015/06/16,1,,,,,,,,3.0,,,,,No
A Hat Full of Sky,Terry Pratchett,,,,read,2015/06/10,2015/06/10,2015/06/10,1,,,,,,,,3.0,,,,,No
The Wee Free Men,Terry Pratchett,,60012382,digital,read,2015/06/05,2015/06/05,2015/06/05,1,,,,,,,,4.0,,,,,No
Guards! Guards!,Terry Pratchett,,9780061020643,paperback,read,2015/06/01,2015/06/01,2015/06/01,1,,,,,,,,3.0,,,,,No
Night Watch,Terry Pratchett,,,,read,2015/05/30,2015/05/30,2015/05/30,1,,,,,,,,4.0,,,,,No
H.M.S. Surprise,Patrick O'Brian,,,,read,2015/05/30,2015/05/30,2015/05/30,1,,,,,,,,5.0,,,,,No
Hangover Square,Patrick Hamilton,,9781933372068,paperback,read,2015/05/08,2015/05/08,2015/05/08,1,,,,,,,,3.0,,,,,No
Soldiers of Paradise,Paul Park,,,,read,2015/04/04,2015/04/04,2015/04/04,1,,,,,,,,3.0,,,,,No
Post Captain,Patrick O'Brian,,,,read,2015/04/01,2015/04/01,2015/04/01,1,,,,,,,,5.0,,,,,No
Ender's Game,Orson Scott Card,,765342294,paperback,read,2015/03/13,2015/03/13,2015/03/13,1,,,,,,,,4.0,,,,,No
Blood of Tyrants,Naomi Novik,,,digital,read,2015/03/04,2015/03/04,2015/03/04,1,,,,,,,,3.0,,,,,No
Crucible of Gold,Naomi Novik,,9780345522863,hardcover,read,2015/02/20,2015/02/20,2015/02/20,1,,,,,,,,3.0,,,,,No
Tongues of Serpents,Naomi Novik,,9780345521750,digital,read,2015/02/11,2015/02/11,2015/02/11,1,,,,,,,,3.0,,,,,No
The Art of Fermentation,Sandor Ellix Katz,,9781452682020,digital,read,2012/06/08,2015/01/31,2015/01/31,1,,,,,,,,5.0,,,,,No
Victory of Eagles,Naomi Novik,,9780007256754,paperback,read,2015/01/30,2015/01/30,2015/01/30,1,,,,,,,,3.0,,,,,No
Empire of Ivory,Naomi Novik,,9780345496874,paperback,read,2015/01/23,2015/01/23,2015/01/23,1,,,,,,,,3.0,,,,,No
Black Powder War,Naomi Novik,,9780345481306,paperback,read,2015/01/07,2015/01/14,2015/01/14,1,,,,,,,,2.0,,,,,No
Detail In Typography,Jost Hochuli,,,,read,2015/01/07,2015/01/07,2015/01/07,1,,,,,,,,5.0,,,,,No
Throne of Jade,Naomi Novik,,9780345481290,paperback,read,2015/01/07,2015/01/06,2015/01/06,1,,,,,,,,3.0,,,,,No
His Majesty's Dragon,Naomi Novik,,9780345481283,paperback,read,2014/12/21,2014/12/27,2014/12/27,1,,,,,,,,3.0,,,,,No
Starship Troopers,Robert A. Heinlein,,,paperback,read,2014/12/15,2014/12/01,2014/12/01,1,,,,,,,,3.0,,,,,No
Riddley Walker,Russell Hoban,,9780253008510,digital,read,2014/12/02,2014/12/01,2014/12/01,1,,,,,,,,5.0,,,,,No
The Running Man,Richard Bachman,,451197968,paperback,read,2014/12/08,2014/12/01,2014/12/01,1,,,,,,,,3.0,,,,,No
Neuromancer,William Gibson,James Warhola (Illustrator),9780441569564,paperback,read,2014/11/23,2014/11/23,2014/11/23,1,,,,,,,,5.0,,,,,No
The Three Stigmata of Palmer Eldritch,Philip K. Dick,,9781407247427,paperback,read,2014/11/23,2014/11/23,2014/11/23,1,,,,,,,,4.0,,,,,No
The Strange Case of Dr. Jekyll and Mr. Hyde,Robert Louis Stevenson,,9780451528957,paperback,read,2014/11/23,2014/11/23,2014/11/23,1,,,,,,,,5.0,,,,,No
Essay on Typography,Eric Gill,,,,read,2014/10/03,2014/11/23,2014/11/23,1,,,,,,,,5.0,,,,,No
Ancillary Sword,Ann Leckie,,9780316246644,digital,read,2014/11/23,2014/11/01,2014/11/01,1,,,,,,,,4.0,,,,,No
Papillon,Henri Charrière,Patrick O'Brian (Translator),9780007179961,paperback,read,2011/12/16,2014/11/01,2014/11/01,1,,,,,,,,5.0,,,,,No
Visual Explanations,Edward R. Tufte,,,paperback,read,2015/11/05,2014/10/09,2014/10/09,1,,,,,,,,,,,,,No
The Elements of Typographic Style,Robert Bringhurst,,,,read,2014/04/30,2014/10/02,2014/10/02,1,,,,,,,,5.0,,,,,No
Ancillary Justice,Ann Leckie,,336502400,paperback,read,2014/11/23,2014/10/01,2014/10/01,1,,,,,,,,5.0,,,,,No
Lord of the Flies,William Golding,,9780140283334,paperback,read,2014/09/25,2014/09/01,2014/09/01,1,,,,,,,,4.0,,,,,No
The Trial,Franz Kafka,,9780099428640,paperback,read,2014/09/25,2014/09/01,2014/09/01,1,,,,,,,,5.0,,,,,No
Der Schimmelreiter,Theodor Storm,,,,read,2014/09/25,2014/09/01,2014/09/01,1,,,,,,,,5.0,,,,,No
52 Pickup,Elmore Leonard,,9780749318734,paperback,read,2013/07/16,2014/08/01,2014/08/01,1,,,,,,,,3.0,,,,,No
Stoner,John Williams,John McGahern (Contributor),9781448156023,digital,read,2014/04/30,2014/07/23,2014/07/23,1,,,,,,,,4.0,,,,,No
Robinson Crusoe,Daniel Defoe,J. Donald Crowley,9780192833822,paperback,read,2015/01/21,2014/07/01,2014/07/01,1,,,,,,,,3.0,,,,,No
Morituri,Yasmina Khadra,David Herman (Translator),,,read,2011/12/16,2014/06/01,2014/06/01,1,,,,,,,,3.0,,,,,No
Dead Man's Share: An Inspector Llob Mystery,Yasmina Khadra,,,,read,2015/01/21,2014/05/01,2014/05/01,1,,,,,,,,4.0,,,,,No
American Rust,Philipp Meyer,,,,read,2014/04/30,2014/04/01,2014/04/01,1,,,,,,,,4.0,,,,,No
Water Music,"T.C. Boyle, James R. Kincaid",,9780140065503,paperback,read,2015/01/21,2014/04/01,2014/04/01,1,,,,,,,,5.0,,,,,No
The Count of Monte Cristo,Alexandre Dumas,Robin Buss (Translator),9780140449266,paperback,read,2012/05/09,2014/02/21,2014/02/21,1,,,,,,,,5.0,,,,,No
Typographie: A Manual of Design,Emil Ruder,,,,read,2015/11/05,2014/01/31,2014/01/31,1,,,,,,,,,,,,,No
Doctor Sleep,Stephen King,,9781476727653,hardcover,read,2013/12/01,2014/01/01,2014/01/01,1,,,,,,,,4.0,,,,,No
Northanger Abbey,Jane Austen,Alfred Mac Adam,9781593082642,paperback,read,2012/10/23,2014/01/01,2014/01/01,1,,,,,,,,5.0,,,,,No
The Three Musketeers,Alexandre Dumas,Jacques Le Clercq (Translator),9780375756740,paperback,read,2011/12/17,2013/11/25,2013/11/25,1,,,,,,,,5.0,,,,,No
Unknown Man #89,Elmore Leonard,,9780060082215,paperback,read,2012/10/23,2013/08/03,2013/08/03,1,,,,,,,,5.0,,,,,No
Get Shorty,Elmore Leonard,,9780060082161,paperback,read,2012/10/23,2013/07/16,2013/07/16,1,,,,,,,,4.0,,,,,No
The Complete Western Stories,Elmore Leonard,,,digital,read,2012/10/23,2013/06/05,2013/06/05,1,,,,,,,,4.0,,,,,No
The Name of the Rose,Umberto Eco,William Weaver (Translator),9780156001311,paperback,read,2011/12/16,2013/03/31,2013/03/31,1,,,,,,,,4.0,,,,,No
The End of Everything,Megan Abbott,,,,read,2013/01/14,2013/02/22,2013/02/22,1,,,,,,,,3.0,,,,,No
Foundation,Isaac Asimov,,9780553803716,hardcover,read,2013/02/11,2013/02/17,2013/02/17,1,,,,,,,,4.0,,,,,No
Imperium,Christian Kracht,,,,read,2013/02/11,2013/02/11,2013/02/11,1,,,,,,,,3.0,,,,,No
Cloud Atlas,David Mitchell,,,paperback,read,2012/09/12,2013/02/11,2013/02/11,1,,,,,,,,4.0,,,,,No
"Carry On, Jeeves",P.G. Wodehouse,,,,read,2013/01/07,2013/01/18,2013/01/18,1,,,,,,,,5.0,,,,,No
Dune,Frank Herbert,,9781444738209,paperback,read,2011/12/16,2013/01/01,2013/01/01,1,,,,,,,,3.0,,,,,No
The Fan Man,William Kotzwinkle,,,,read,2011/12/17,2013/01/01,2013/01/01,1,,,,,,,,5.0,,,,,No
Do Androids Dream of Electric Sheep?,Philip K. Dick,,1568658559,hardcover,read,2012/06/04,2012/11/23,2012/11/23,1,,,,,,,,3.0,,,,,No
The Left Hand of Darkness,Ursula K. Le Guin,,9780441007318,paperback,read,2012/06/04,2012/11/13,2012/11/13,1,,,,,,,,3.0,,,,,No
Faserland,Christian Kracht,,9783596185320,paperback,read,2012/10/13,2012/10/14,2012/10/14,1,,,,,,,,3.0,,,,,No
Ubik,Philip K. Dick,,,paperback,read,2012/06/04,2012/10/13,2012/10/13,1,,,,,,,,2.0,,,,,No
The 39 Steps,John Buchan,,9780141031262,paperback,read,2012/10/06,2012/10/06,2012/10/06,1,,,,,,,,2.0,,,,,No
Catch-22,Joseph Heller,,9780099529125,paperback,read,2011/12/16,2012/09/24,2012/09/24,1,,,,,,,,3.0,,,,,No
Death at La Fenice,Donna Leon,,,,read,2012/08/03,2012/08/03,2012/08/03,1,,,,,,,,3.0,,,,,No
Die Verwandlung,Franz Kafka,,,paperback,read,2012/07/08,2012/08/03,2012/08/03,1,,,,,,,,3.0,,,,,No
The Monkey Wrench Gang,Edward Abbey,,9780061129766,paperback,read,2012/03/13,2012/07/15,2012/07/15,1,,,,,,,,3.0,,,,,No
Hyperion,Dan Simmons,,553283685,paperback,read,2012/06/09,2012/06/09,2012/06/09,1,,,,,,,,4.0,,,,,No
Solaris,Stanisław Lem,"Darko Suvin (Contributor), Steve Cox (Translator), Joanna Kilmartin (Translator)",9780802755261,hardcover,read,2012/06/04,2012/06/04,2012/06/04,1,,,,,,,,4.0,,,,,No
Kiebitz.,André Kaminski,,,,read,2012/06/04,2012/06/04,2012/06/04,1,,,,,,,,3.0,,,,,No
Cryptonomicon,Neal Stephenson,,60512806,paperback,read,2012/06/04,2012/06/04,2012/06/04,1,,,,,,,,2.0,,,,,No
The Man from Beijing,Henning Mankell,Laurie Thompson (Translator),9780099532040,paperback,read,2012/05/22,2012/06/03,2012/06/03,1,,,,,,,,1.0,,,,,No
The Hunger Games Trilogy,Suzanne Collins,,,digital,read,2012/03/13,2012/05/27,2012/05/27,1,,,,,,,,4.0,,,,,No
Tehanu,Ursula K. Le Guin,,,digital,read,2012/03/23,2012/04/24,2012/04/24,1,,,,,,,,4.0,,,,,No
The Farthest Shore,Ursula K. Le Guin,,9781442459939,paperback,read,2012/03/13,2012/03/22,2012/03/22,1,,,,,,,,4.0,,,,,No
Fools Die,Mario Puzo,,,digital,read,2012/03/20,2012/03/20,2012/03/20,1,,,,,,,,3.0,,,,,No
No Country for Old Men,Cormac McCarthy,,9780330511216,paperback,read,2012/03/13,2012/03/13,2012/03/13,1,,,,,,,,3.0,,,,,No
A Storm of Swords,George R.R. Martin,,9780553573428,paperback,read,2012/03/13,2012/03/13,2012/03/13,1,,,,,,,,4.0,,,,,No
A Feast for Crows,George R.R. Martin,,9780553582024,paperback,read,2012/03/13,2012/03/01,2012/03/01,1,,,,,,,,4.0,,,,,No
A Clash of Kings,George R.R. Martin,,9780007465828,paperback,read,2012/03/13,2012/03/01,2012/03/01,1,,,,,,,,4.0,,,,,No
The Other Wind,Ursula K. Le Guin,,044101125X,paperback,read,2012/03/13,2012/03/01,2012/03/01,1,,,,,,,,4.0,,,,,No
A Dance with Dragons,George R.R. Martin,,9780553801477,hardcover,read,2012/03/13,2012/03/01,2012/03/01,1,,,,,,,,4.0,,,,,No
A Wizard of Earthsea,Ursula K. Le Guin,,9780553383041,paperback,read,2011/12/16,2012/01/01,2012/01/01,1,,,,,,,,5.0,,,,,No
To Kill a Mockingbird,Harper Lee,,9780060935467,paperback,read,2012/06/04,2012/01/01,2012/01/01,1,,,,,,,,5.0,,,,,No
Dracula,"Bram Stoker, Michael Mucci",Ben Caldwell (Illustrator),9781454935001,paperback,read,2011/12/16,2012/01/01,2012/01/01,1,,,,,,,,5.0,,,,,No
'Salem's Lot,Stephen King,,,paperback,read,2011/12/16,2012/01/01,2012/01/01,1,,,,,,,,4.0,,,,,No
Harry Potter and the Goblet of Fire,J.K. Rowling,Mary GrandPré (Illustrator),9780439139601,paperback,read,2011/12/17,2011/12/17,2011/12/17,1,,,,,,,,4.0,,,,,No
All Quiet on the Western Front,Erich Maria Remarque,A.W. Wheen (Translator),9781439570319,paperback,read,2011/12/17,2011/12/17,2011/12/17,1,,,,,,,,5.0,,,,,No
The Colour of Magic,Terry Pratchett,,9780552166591,paperback,read,2011/12/17,2011/12/17,2011/12/17,1,,,,,,,,2.0,,,,,No
Harry Potter and the Deathly Hallows,J.K. Rowling,Mary GrandPré (Illustrator),9780545010221,hardcover,read,2011/12/17,2011/12/17,2011/12/17,1,,,,,,,,4.0,,,,,No
The Stone and the Flute,"Hans Bemmann, Anthea Bell",,,,read,2011/12/17,2011/12/17,2011/12/17,1,,,,,,,,4.0,,,,,No
Harry Potter and the Chamber of Secrets,J.K. Rowling,Mary GrandPré (Illustrator),9780439064866,hardcover,read,2011/12/17,2011/12/17,2011/12/17,1,,,,,,,,4.0,,,,,No
The Lord of the Rings,J.R.R. Tolkien,,9780618640157,paperback,read,2011/12/17,2011/12/17,2011/12/17,1,,,,,,,,5.0,,,,,No
The Millennium Trilogy,Stieg Larsson,Reg Keeland (Translator),9780307594778,hardcover,read,2011/12/17,2011/12/17,2011/12/17,1,,,,,,,,3.0,,,,,No
Harry Potter and the Prisoner of Azkaban,J.K. Rowling,Mary GrandPré (Illustrator),9780439655484,paperback,read,2011/12/17,2011/12/17,2011/12/17,1,,,,,,,,4.0,,,,,No
Harry Potter and the Order of the Phoenix,J.K. Rowling,Mary GrandPré (Illustrator),9780613999168,paperback,read,2011/12/17,2011/12/17,2011/12/17,1,,,,,,,,4.0,,,,,No
Im Nebel,Vasil Bykaŭ,,,,read,2011/12/17,2011/12/17,2011/12/17,1,,,,,,,,3.0,,,,,No
Harry Potter and the Half-Blood Prince,J.K. Rowling,Mary GrandPré (Illustrator),9780439784542,hardcover,read,2011/12/17,2011/12/17,2011/12/17,1,,,,,,,,4.0,,,,,No
Inspector Ghote Goes By Train,H.R.F. Keating,,,,read,2011/12/16,2011/12/16,2011/12/16,1,,,,,,,,3.0,,,,,No
The Godfather,Mario Puzo,,,paperback,read,2011/12/16,2011/12/16,2011/12/16,1,,,,,,,,5.0,,,,,No
The War of the Worlds,H.G. Wells,Arthur C. Clarke (Contributor),375759239,paperback,read,2011/12/16,2011/12/16,2011/12/16,1,,,,,,,,2.0,,,,,No
The Wind-Up Bird Chronicle,Haruki Murakami,,,,read,2011/12/16,2011/12/16,2011/12/16,1,,,,,,,,3.0,,,,,No
Harry Potter and the Sorcerer's Stone,J.K. Rowling,Mary GrandPré (Illustrator),9780590353427,paperback,read,2011/12/16,2011/12/16,2011/12/16,1,,,,,,,,5.0,,,,,No
The Call of Cthulhu and Other Weird Stories,H.P. Lovecraft,S.T. Joshi (Contributor),9780141182346,paperback,read,2011/12/16,2011/12/16,2011/12/16,1,,,,,,,,4.0,,,,,No
Empire of Signs,Roland Barthes,Richard Howard (Translator),9780374522070,paperback,read,2011/12/16,2011/12/16,2011/12/16,1,,,,,,,,3.0,,,,,No
Tintin in the Land of the Soviets,Hergé,"Michael Turner, Leslie Lonsdale-Cooper",9780867199031,hardcover,read,2011/12/16,2011/12/16,2011/12/16,1,,,,,,,,4.0,,,,,No
World War Z,Max Brooks,,,paperback,read,2011/12/16,2011/12/16,2011/12/16,1,,,,,,,,2.0,,,,,No
Havana Red,"Leonardo Padura, Peter Bush",,,,read,2011/12/16,2011/12/16,2011/12/16,1,,,,,,,,3.0,,,,,No
The Catcher in the Rye,J.D. Salinger,,9780316769174,paperback,read,2011/12/16,2011/12/16,2011/12/16,1,,,,,,,,4.0,,,,,No
The Crossing,Cormac McCarthy,,9780330511247,paperback,read,2011/12/16,2011/12/16,2011/12/16,1,,,,,,,,3.0,,,,,No
Shirobamba,Yasushi Inoue,,,,read,2011/12/16,2011/12/16,2011/12/16,1,,,,,,,,5.0,,,,,No
The Woman in the Dunes,Kōbō Abe,,9780394718149,paperback,read,2011/12/16,2011/12/16,2011/12/16,1,,,,,,,,3.0,,,,,No
Frankenstein,Mary Shelley,,9780141439471,paperback,read,2011/12/16,2011/12/16,2011/12/16,1,,,,,,,,4.0,,,,,No
"Dragon Ball, Vol. 1: The Monkey King",Akira Toriyama,,9781569319208,paperback,read,2011/12/16,2011/12/16,2011/12/16,1,,,,,,,,5.0,,,,,No
The Great Gatsby,F. Scott Fitzgerald,,743273567,paperback,read,2011/12/16,2011/12/16,2011/12/16,1,,,,,,,,3.0,,,,,No
Tekkon Kinkreet: Black and White,Taiyo Matsumoto,,,,read,2011/12/16,2011/12/16,2011/12/16,1,,,,,,,,4.0,,,,,No
Maus: A Survivor's Tale. My Father Bleeds History,Art Spiegelman,,9780394541556,hardcover,read,2011/12/16,2011/12/16,2011/12/16,1,,,,,,,,5.0,,,,,No
The Book of Tea,"Elise Grilli, Kakuzō Okakura",,9781462907588,digital,read,2011/12/16,2011/12/16,2011/12/16,1,,,,,,,,4.0,,,,,No
Auferstehung der Toten,Wolf Haas,,,,read,2011/12/16,2011/12/16,2011/12/16,1,,,,,,,,4.0,,,,,No
Musashi,Eiji Yoshikawa,Charles Terry (Translator),9781568364278,hardcover,read,2011/12/16,2011/12/16,2011/12/16,1,,,,,,,,3.0,,,,,No
In Matto's Realm,"Friedrich Glauser, Mike Mitchell",,,,read,2011/12/16,2011/12/16,2011/12/16,1,,,,,,,,3.0,,,,,No
"Akira, Vol. 5",Katsuhiro Otomo,"Jo Duffy (Translator), Yoko Umezawa (Translator)",9781569715277,paperback,read,2011/12/16,2011/12/16,2011/12/16,1,,,,,,,,5.0,,,,,No
Modesty Blaise,Peter O'Donnell,,,,read,2011/12/16,2011/12/16,2011/12/16,1,,,,,,,,2.0,,,,,No
Il tè delle tre vecchie signore,"Friedrich Glauser, Gabriella de' Grandi",,,,read,2011/12/16,2011/12/16,2011/12/16,1,,,,,,,,3.0,,,,,No
"Akira, Volume 3",Katsuhiro Otomo,,,digital,read,2011/12/16,2011/12/16,2011/12/16,1,,,,,,,,5.0,,,,,No
Treasure Island,Robert Louis Stevenson,,866119582,hardcover,read,2011/12/16,2011/12/16,2011/12/16,1,,,,,,,,5.0,,,,,No
Der letzte Weynfeldt,Martin Suter,,,,read,2011/12/16,2011/12/16,2011/12/16,1,,,,,,,,2.0,,,,,No
Heart of Darkness and Selected Short Fiction,"A. Michael Matin, Joseph Conrad",,,,read,2011/12/16,2011/12/16,2011/12/16,1,,,,,,,,3.0,,,,,No
The Hitchhiker's Guide to the Galaxy,Douglas Adams,,9780345418913,paperback,to-read,2011/12/16,2011/12/16,2011/12/16,1,,,,,,,,4.0,,,,,No
The Dark Tower: The Gunslinger Born,Stephen King,,,paperback,read,2011/12/16,2011/12/16,2011/12/16,1,,,,,,,,5.0,,,,,No
The Swarm,Frank Schätzing,Sally-Ann Spencer (Translator),9780060859800,paperback,read,2011/12/16,2011/12/16,2011/12/16,1,,,,,,,,4.0,,,,,No
Silentium!,Wolf Haas,,,paperback,read,2011/12/16,2011/12/16,2011/12/16,1,,,,,,,,4.0,,,,,No
The Lost Sailors,Jean-Claude Izzo,,9781787700949,digital,read,2011/12/16,2011/12/16,2011/12/16,1,,,,,,,,3.0,,,,,No
"Blade of the Immortal, Volume 2: Cry of the Worm",Hiroaki Samura,,,digital,read,2011/12/16,2011/12/16,2011/12/16,1,,,,,,,,3.0,,,,,No
Dreamcatcher,Stephen King,,,,read,2011/12/16,2011/12/16,2011/12/16,1,,,,,,,,3.0,,,,,No
Total Chaos,Jean-Claude Izzo,,,,read,2011/12/16,2011/12/16,2011/12/16,1,,,,,,,,5.0,,,,,No
Brave New World,Aldous Huxley,,9780060929879,paperback,read,2011/12/16,2011/12/16,2011/12/16,1,,,,,,,,3.0,,,,,No
Hark! A Vagrant,Kate Beaton,,9781770460607,hardcover,read,2011/12/16,2011/12/16,2011/12/16,1,,,,,,,,4.0,,,,,No
In Praise of Shadows,Jun'ichirō Tanizaki,"Edward G. Seidensticker (Translator), Thomas J. Harper (Translator)",9780918172020,paperback,read,2011/12/16,2011/12/16,2011/12/16,1,,,,,,,,5.0,,,,,No
"Akira, Vol. 1",Katsuhiro Otomo,"Linda M. York (Translator), Yoko Umezawa (Translator), Jo Duffy (Translator)",9781569714980,paperback,read,2011/12/16,2011/12/16,2011/12/16,1,,,,,,,,5.0,,,,,No
The Hobbit: or There and Back Again,J.R.R. Tolkien,,9780618260300,paperback,read,2011/12/16,2011/12/16,2011/12/16,1,,,,,,,,5.0,,,,,No
"Akira, Vol. 6",Katsuhiro Otomo,"Yoko Umezawa (Translator), Jo Duffy (Translator)",9781569715284,paperback,read,2011/12/16,2011/12/16,2011/12/16,1,,,,,,,,5.0,,,,,No
"Jaime Bunda, Secret Agent: Story of Various Mysteries","Richard Bartlett, Pepetela",,,,read,2011/12/16,2011/12/16,2011/12/16,1,,,,,,,,3.0,,,,,No
All the Pretty Horses,Cormac McCarthy,,9780679744399,paperback,read,2011/12/16,2011/12/16,2011/12/16,1,,,,,,,,5.0,,,,,No
Understanding Comics: The Invisible Art,Scott McCloud,,9780878162444,hardcover,read,2011/12/16,2011/12/16,2011/12/16,1,,,,,,,,2.0,,,,,No
A Wild Sheep Chase,Haruki Murakami,Alfred Birnbaum (Translator),037571894X,paperback,read,2011/12/16,2011/12/16,2011/12/16,1,,,,,,,,4.0,,,,,No
The Da Vinci Code,Dan Brown,,9780385504201,hardcover,read,2011/12/16,2011/12/16,2011/12/16,1,,,,,,,,1.0,,,,,No
Underground,Haruki Murakami,"Philip Gabriel, Alfred Birnbaum",,paperback,read,2011/12/16,2011/12/16,2011/12/16,1,,,,,,,,5.0,,,,,No
Cruel City,"Francis Pim Higginson, Mongo Beti",,,,read,2011/12/16,2011/12/16,2011/12/16,1,,,,,,,,4.0,,,,,No
Chourmo,"Jean-Claude Izzo, Howard Curtis",,,,read,2011/12/16,2011/12/16,2011/12/16,1,,,,,,,,5.0,,,,,No
The Feng Shui Detective,Nury Vittachi,,,,read,2011/12/16,2011/12/16,2011/12/16,1,,,,,,,,2.0,,,,,No
The Third Reich,Roberto Bolaño,Natasha Wimmer (Translator),9781250013934,paperback,read,2011/12/16,2011/12/16,2011/12/16,1,,,,,,,,4.0,,,,,No
Ein perfekter Freund,Martin Suter,,,paperback,read,2011/12/16,2011/12/16,2011/12/16,1,,,,,,,,3.0,,,,,No
Watchmen,Alan Moore,"Dave Gibbons (Illustrator), John Higgins (Illustrator)",9780930289232,paperback,read,2011/12/16,2011/12/16,2011/12/16,1,,,,,,,,3.0,,,,,No
Slaughterhouse-Five,Kurt Vonnegut,,440180295,paperback,read,2011/12/16,2011/12/16,2011/12/16,1,,,,,,,,3.0,,,,,No
The Tombs of Atuan,Ursula K. Le Guin,,,hardcover,read,2011/12/16,2011/12/16,2011/12/16,1,,,,,,,,4.0,,,,,No
"Akira, Vol. 2",Katsuhiro Otomo,"Linda M. York (Translator), Jo Duffy (Translator), Yoko Umezawa (Translator)",9781569714997,paperback,read,2011/12/16,2011/12/16,2011/12/16,1,,,,,,,,5.0,,,,,No
Le Maître de thé,Yasushi Inoue,,,,read,2011/12/16,2011/12/16,2011/12/16,1,,,,,,,,3.0,,,,,No
Of Mice and Men,John Steinbeck,,9780142000670,paperback,read,2011/12/16,2011/12/16,2011/12/16,1,,,,,,,,4.0,,,,,No
The Gunslinger,Stephen King,,9780452284692,paperback,read,2011/12/16,2011/12/16,2011/12/16,1,,,,,,,,5.0,,,,,No
"Akira, Vol. 4",Katsuhiro Otomo,"Yoko Umezawa (Translator), Jo Duffy (Translator)",9781569715260,paperback,read,2011/12/16,2011/12/16,2011/12/16,1,,,,,,,,5.0,,,,,No
The Big Sleep,Raymond Chandler,,,paperback,read,2011/12/16,2011/12/16,2011/12/16,1,,,,,,,,4.0,,,,,No
The Dark Tower,Stephen King,,,paperback,read,2011/12/16,2011/12/16,2011/12/16,1,,,,,,,,4.0,,,,,No
Lone Wolf and Cub Volume 3: The Flute of The Fallen Tiger,"Kazuo Koike, Goseki Kojima",,9781621150688,digital,read,2011/12/16,2011/12/16,2011/12/16,1,,,,,,,,3.0,,,,,No
Asterix the Gaul,René Goscinny,"Derek Hockridge, Albert Uderzo (Illustrator), Anthea Bell",,paperback,read,2011/12/16,2011/12/16,2011/12/16,1,,,,,,,,4.0,,,,,No
The Pillars of the Earth,Ken Follett,,9780451207142,paperback,read,2011/12/16,2011/12/16,2011/12/16,1,,,,,,,,4.0,,,,,No
The Spy Who Came In from the Cold,John le Carré,,9780743442534,paperback,read,2011/12/16,2011/12/16,2011/12/16,1,,,,,,,,3.0,,,,,No
Solea,"Jean-Claude Izzo, Howard Curtis",,,,read,2011/12/16,2011/12/16,2011/12/16,1,,,,,,,,5.0,,,,,No
The People of the Abyss,Jack London,,,,read,2011/12/17,2011/12/01,2011/12/01,1,,,,,,,,3.0,,,,,No
A Game of Thrones,George R.R. Martin,,9780007448036,paperback,read,2011/12/16,2011/12/01,2011/12/01,1,,,,,,,,4.0,,,,,No
The Bacta War,Michael A. Stackpole,,9780553568042,paperback,read,2011/12/16,2011/09/01,2011/09/01,1,,,,,,,,2.0,,,,,No
The Krytos Trap,Michael A. Stackpole,,9780553568035,paperback,read,2011/12/16,2011/09/01,2011/09/01,1,,,,,,,,2.0,,,,,No
Rogue Squadron,Michael A. Stackpole,,9780553568011,paperback,read,2011/12/16,2011/08/01,2011/08/01,1,,,,,,,,2.0,,,,,No
Wedge's Gamble,Michael A. Stackpole,,9780307796226,digital,read,2011/12/16,2011/08/01,2011/08/01,1,,,,,,,,2.0,,,,,No
Jugend ohne Gott,Ödön von Horváth,,9783518388747,paperback,read,2012/01/28,2011/06/01,2011/06/01,1,,,,,,,,5.0,,,,,No
Blindsight,Peter Watts,,9780765312181,hardcover,read,2015/11/05,2011/01/01,2011/01/01,1,,,,,,,,3.0,,,,,No
The Crying of Lot 49,Thomas Pynchon,,9780060913076,paperback,read,2011/12/17,2010/08/01,2010/08/01,1,,,,,,,,2.0,,,,,No
A Dirty War,Anna Politkovskaya,,,,read,2011/12/17,2010/07/01,2010/07/01,1,,,,,,,,4.0,,,,,No
The Adventures of Tom Sawyer,Mark Twain,,9780143039563,paperback,read,2011/12/16,2010/05/01,2010/05/01,1,,,,,,,,4.0,,,,,No
The Adventures of Huckleberry Finn,Mark Twain,,9781603400336,paperback,read,2011/12/16,2010/05/01,2010/05/01,1,,,,,,,,5.0,,,,,No
Die Farbe des Krieges,Arkady Babchenko,,,,read,2011/12/17,2010/05/01,2010/05/01,1,,,,,,,,4.0,,,,,No
War and Peace ,Leo Tolstoy,"Aylmer Maude (Translator), Louise Maude (Translator)",9780192833983,paperback,read,2011/12/16,2010/01/01,2010/01/01,1,,,,,,,,5.0,,,,,No
Anna Karenina,Leo Tolstoy,"Richard Pevear (Translator), Larissa Volokhonsky (Translator)",9780143035008,paperback,read,2011/12/16,2009/12/01,2009/12/01,1,,,,,,,,5.0,,,,,No
Master and Commander:20 Volume Set,Patrick O'Brian,,,,read,2011/12/16,2009/01/01,2009/01/01,1,,,,,,,,5.0,,,,,No
"Moby-Dick: Or, the Whale",Herman Melville,,142437247,paperback,read,2011/12/16,2009/01/01,2009/01/01,1,,,,,,,,3.0,,,,,No
Miles: The Autobiography,"Miles Davis, Quincy Troupe",,,paperback,read,2011/12/16,2009/01/01,2009/01/01,1,,,,,,,,5.0,,,,,No
The Master of Go,Yasunari Kawabata,Edward G. Seidensticker (Translator),9780679761068,paperback,read,2011/12/16,2008/12/01,2008/12/01,1,,,,,,,,4.0,,,,,No
I Am Legend,Richard Matheson,,9780312865047,paperback,read,2011/12/16,2008/01/01,2008/01/01,1,,,,,,,,5.0,,,,,No
The Haunting of Hill House,Shirley Jackson,,9780141191447,paperback,read,2011/12/16,2008/01/01,2008/01/01,1,,,,,,,,4.0,,,,,No
The Road,Cormac McCarthy,,9780307265432,hardcover,read,2011/12/16,2008/01/01,2008/01/01,1,,,,,,,,5.0,,,,,No
Inkheart,Cornelia Funke,Anthea Bell (Translator),9780439852708,hardcover,read,2011/12/17,2007/10/01,2007/10/01,1,,,,,,,,3.0,,,,,No
Artemis Fowl,Eoin Colfer,,9780786817870,paperback,read,2011/12/16,2007/10/01,2007/10/01,1,,,,,,,,4.0,,,,,No
The Amber Spyglass,Philip Pullman,,9780440238157,paperback,read,2011/12/17,2007/09/01,2007/09/01,1,,,,,,,,5.0,,,,,No
The Subtle Knife,Philip Pullman,,9780439944670,paperback,read,2011/12/17,2007/08/01,2007/08/01,1,,,,,,,,5.0,,,,,No
The Golden Compass,Philip Pullman,,9780679879244,hardcover,read,2011/12/16,2007/07/01,2007/07/01,1,,,,,,,,5.0,,,,,No
Awful End,"Philip Ardagh, David Roberts",,,,read,2015/01/21,2007/01/01,2007/01/01,1,,,,,,,,4.0,,,,,No
Snow Crash,Neal Stephenson,,9780553351927,paperback,read,2014/11/23,2005/01/01,2005/01/01,1,,,,,,,,4.0,,,,,No
The Diamond Age,Neal Stephenson,,9780553380965,paperback,read,2012/06/04,2004/01/01,2004/01/01,1,,,,,,,,4.0,,,,,No
Freaky Deaky,Elmore Leonard,,,,to-read,2013/07/16,,,0,,,,,,,,,,,,,No
Permutation City,Greg Egan,,,digital,did-not-finish,2017/01/15,,,0,,,,,,,,,,,,,No
Pronto,Elmore Leonard,,9780062020314,paperback,to-read,2013/07/16,,,0,,,,,,,,,,,,,No
Bloodchild and Other Stories,Octavia E. Butler,,9781583226988,paperback,to-read,2016/07/12,,,0,,,,,,,,,,,,,No
Tishomingo Blues,Elmore Leonard,,,digital,to-read,2013/07/16,,,0,,,,,,,,,,,,,No
Midnight at the Well of Souls,Jack L. Chalker,,,,to-read,2013/04/27,,,0,,,,,,,,,,,,,No
Bilder deiner großen Liebe,Wolfgang Herrndorf,,9783871347917,hardcover,to-read,2019/02/23,,,0,,,,,,,,,,,,,No
Killshot,Elmore Leonard,,9780060512248,paperback,to-read,2013/07/16,,,0,,,,,,,,,,,,,No
The Meaning of Culture,John Cowper Powys,,,,to-read,2016/10/03,,,0,,,,,,,,,,,,,No
House of Windows,John Langan,,,,to-read,2022/09/09,,,0,,,,,,,,,,,,,No
"Good Night, Mr. Tom",Michelle Magorian,,9780064401746,paperback,to-read,2023/09/16,,,0,,,,,,,,,,,,katherine-rundell-recommendation,No
How to Make Books,Esther K. Smith,,,,to-read,2015/12/05,,,0,,,,,,,,,,,,,No
Grass,Sheri S. Tepper,,9781857987980,paperback,did-not-finish,2015/04/04,,,0,,,,,,,,,,,,,No
The Star Fraction,Ken MacLeod,,,,to-read,2017/01/15,,,0,,,,,,,,,,,,,No
Mystery,Peter Straub,,9780525248187,hardcover,to-read,2022/09/09,,,0,,,,,,,,,,,,,No
Sand,Wolfgang Herrndorf,,,paperback,to-read,2019/04/06,,,0,,,,,,,,,,,,,No
The Demon-Haunted World: Science as a Candle in the Dark,"Ann Druyan, Carl Sagan",,,,to-read,2016/08/07,,,0,,,,,,,,,,,,,No
The Plague,Albert Camus,Stuart Gilbert,679720219,paperback,to-read,2020/08/03,,,0,,,,,,,,,,,,,No
The Way of Life According to Lao Tzu,Witter Bynner,,,,to-read,2016/10/03,,,0,,,,,,,,,,,,,No
Titus Groan,Mervyn Peake,,,paperback,did-not-finish,2021/10/05,,,0,,,,,,,,,,,,,No
Last Exit to Brooklyn,Hubert Selby Jr.,,9780747549925,paperback,to-read,2024/11/08,,,0,,,,,,,,,,,,,No
The Girl on the Train,Paula Hawkins,,9781594633669,hardcover,to-read,2015/01/26,,,0,,,,,,,,,,,,,No
Galápagos,Kurt Vonnegut,,,paperback,to-read,2015/04/04,,,0,,,,,,,,,,,,,No
A Burning,Megha Majumdar,,9780771059834,hardcover,to-read,2021/01/19,,,0,,,,,,,,,,,,,No
Carrie,Stephen King,,9781416524304,paperback,to-read,2024/10/20,,,0,,,,,,,,,,,,,No
The Falling Woman,Pat Murphy,,,,to-read,2015/04/04,,,0,,,,,,,,,,,,,No
American Dirt,Jeanine Cummins,,9781250209764,hardcover,to-read,2020/02/02,,,0,,,,,,,,,,,,,No
"The Gulag Archipelago, Abridged Edition",Aleksandr Solzhenitsyn,,9780060007768,paperback,to-read,2013/04/01,,,0,,,,,,,,,,,,,No
Prophet Song,Paul Lynch,,9780861546459,hardcover,to-read,2024/08/13,,,0,,,,,,,,,,,,,No
The Collectors,Philip Pullman,,9781101940044,digital,to-read,2016/07/12,,,0,,,,,,,,,,,,,No
The Knife of Never Letting Go,Patrick Ness,,9780763676186,paperback,to-read,2023/09/16,,,0,,,,,,,,,,,,katherine-rundell-recommendation,No
The Talisman,"Peter Straub, Stephen King",Frank Muller (Narrator),9781442359062,audio,to-read,2013/04/01,,,0,,,,,,,,,,,,,No
Just My Type: A Book About Fonts,Simon Garfield,,9781592406524,hardcover,to-read,2019/03/15,,,0,,,,,,,,,,,,,No
Schattwand : ein Bergdrama,Urs Augstburger,,,,to-read,2012/09/17,,,0,,,,,,,,,,,,,No
A Maze of Death,Philip K. Dick,,,digital,to-read,2012/06/04,,,0,,,,,,,,,,,,,No
La catedral del mar,Ildefonso Falcones,,,paperback,to-read,2019/01/10,,,0,,,,,,,,,,,,,No
Uprooted,Naomi Novik,,9780804179034,hardcover,to-read,2021/10/05,,,0,,,,,,,,,,,,,No
The New York Trilogy,Paul Auster,,,digital,to-read,2014/07/15,,,0,,,,,,,,,,,,,No
Complexity: A Guided Tour,Melanie Mitchell,,9780195124415,hardcover,to-read,2022/11/15,,,0,,,,,,,,,,,,,No
Raylan,Elmore Leonard,,,digital,to-read,2013/07/16,,,0,,,,,,,,,,,,,No
Glitz,Elmore Leonard,,,paperback,to-read,2013/07/16,,,0,,,,,,,,,,,,,No
"Design, Form, and Chaos",Paul Rand,,,,to-read,2015/11/14,,,0,,,,,,,,,,,,,No
The Underground Railroad,Colson Whitehead,,9780385542364,hardcover,currently-reading,2019/06/23,,,0,,,,,,,,,,,,,No
The Stepford Wives,Ira Levin,,9780060080846,paperback,to-read,2022/09/13,,,0,,,,,,,,,,,,,No
Be Cool,Elmore Leonard,,9780141020488,paperback,to-read,2012/10/23,,,0,,,,,,,,,,,,,No
Always Coming Home,Ursula K. Le Guin,"Todd Barton, Margaret Chodos-Irvine",,,to-read,2015/04/04,,,0,,,,,,,,,,,,,No
Maximum Bob,Elmore Leonard,,,,to-read,2013/07/16,,,0,,,,,,,,,,,,,No
The Real World of Technology,Ursula Martius Franklin,,,,to-read,2016/07/24,,,0,,,,,,,,,,,,,No
Out of Sight,Elmore Leonard,,9780060084103,paperback,to-read,2013/07/16,,,0,,,,,,,,,,,,,No
The Day of the Jackal,Frederick Forsyth,,,,to-read,2011/12/16,,,0,,,,,,,,,,,,,No
The Memory Police,Yōko Ogawa,Stephen Snyder (Translator),9781101870600,hardcover,to-read,2024/04/10,,,0,,,,,,,,,,,,vera-kaeser-recommendation,No
The Raven Tower,Ann Leckie,,9780356506999,hardcover,to-read,2020/01/04,,,0,,,,,,,,,,,,,No
"Black Leopard, Red Wolf",Marlon James,,9780735220171,hardcover,did-not-finish,2019/02/25,,,0,,,,,,,,,,,,,No
Essays of E.B. White,E.B. White,,,,to-read,2015/11/14,,,0,,,,,,,,,,,,,No
Love Goes to Buildings on Fire: Five Years in New York That Changed Music Forever,Will Hermes,,,,to-read,2021/09/23,,,0,,,,,,,,,,,,,No
Charmed Life,Diana Wynne Jones,,9780007106530,paperback,to-read,2023/09/16,,,0,,,,,,,,,,,,,No
The Revenant: A Novel of Revenge,Michael Punke,,9781250066626,hardcover,to-read,2019/04/07,,,0,,,,,,,,,,,,,No
Clockwork,Philip Pullman,Leonid Gore (Illustrator),9780439856232,paperback,to-read,2021/03/27,,,0,,,,,,,,,,,,,No
A Temple of Texts,William H. Gass,,307262863,hardcover,to-read,2021/07/18,,,0,,,,,,,,,,,,jeff-tweedy-recommendation,No
Bloom,Wil McCarthy,,9780345408570,hardcover,did-not-finish,2017/01/15,,,0,,,,,,,,,,,,,No
The Dragonbone Chair,Tad Williams,,B00316UMPS,digital,to-read,2019/05/21,,,0,,,,,,,,,,,,,No
Orfeo,Richard Powers,,9780393349849,paperback,to-read,2020/08/06,,,0,,,,,,,,,,,,,No
Science and Sanity: An Introduction to Non-Aristotelian Systems and General Semantics,Alfred Korzybski,,,,to-read,2016/10/03,,,0,,,,,,,,,,,,,No
Das Foucaultsche Pendel,Umberto Eco,,,,to-read,2019/04/11,,,0,,,,,,,,,,,,,No
This Is the Way the World Ends,James Morrow,,9780575081215,digital,to-read,2015/04/04,,,0,,,,,,,,,,,,,No
Swag,Elmore Leonard,,,,to-read,2013/07/16,,,0,,,,,,,,,,,,,No
The Great Game: The Struggle for Empire in Central Asia,Peter Hopkirk,,,,to-read,2012/03/13,,,0,,,,,,,,,,,,,No
Arbeit und Struktur,Wolfgang Herrndorf,,9783499268519,paperback,to-read,2019/04/06,,,0,,,,,,,,,,,,,No
Pride and Prejudice,Jane Austen,,9780613640954,paperback,to-read,2012/10/23,,,0,,,,,,,,,,,,,No
Nonnonba,Shigeru Mizuki,,,,to-read,2016/04/03,,,0,,,,,,,,,,,,,No
Rum Punch,Elmore Leonard,,,,to-read,2013/07/16,,,0,,,,,,,,,,,,,No
The Princess Bride,William Goldman,,9780345418265,paperback,did-not-finish,2016/07/12,,,0,,,,,,,,,,,,,No
If This Is a Man • The Truce,Primo Levi,"Paul Bailey, Stuart J. Woolf",9780349100135,paperback,to-read,2012/07/13,,,0,,,,,,,,,,,,,No
Blue Mars,Kim Stanley Robinson,,9780606179935,hardcover,to-read,2021/07/18,,,0,,,,,,,,,,,,ian-banks-recommendation,No
The Wind Through the Keyhole,Stephen King,Jae Lee (Illustrator),9781444731705,hardcover,to-read,2013/04/01,,,0,,,,,,,,,,,,,No
The Nature of the Beast,Janni Howker,,,,to-read,2021/06/24,,,0,,,,,,,,,,,,pullman-recommendation,No
A Door Into Ocean,Joan Slonczewski,,,paperback,to-read,2015/04/04,,,0,,,,,,,,,,,,,No
Half of a Yellow Sun,Chimamanda Ngozi Adichie,,9781400044160,hardcover,to-read,2021/06/17,,,0,,,,,,,,,,,,,No
Off the Books: The Underground Economy of the Urban Poor,Sudhir Venkatesh,,,,did-not-finish,2012/06/12,,,0,,,,,,,,3.0,,,,,No
The Physician,Noah Gordon,,,paperback,to-read,2019/04/06,,,0,,,,,,,,,,,,,No
Moonbound,Robin Sloan,,9780374610609,hardcover,to-read,2024/06/13,,,0,,,,,,,,,,,,,No
Hurdy Gurdy,Christopher Wilson,,9780571361946,hardcover,to-read,2021/02/05,,,0,,,,,,,,,,,,,No
Stand on Zanzibar,John Brunner,,9781473206373,paperback,to-read,2021/07/18,,,0,,,,,,,,,,,,ian-banks-recommendation,No